club,date,description
Redwood Sports Car Club,2026-01-10,
Redwood Sports Car Club,2026-01-11,
Redwood Sports Car Club,2026-02-14,
Redwood Sports Car Club,2026-02-15,
Redwood Sports Car Club,2026-03-14,
Redwood Sports Car Club,2026-03-15,
Redwood Sports Car Club,2026-04-11,
Redwood Sports Car Club,2026-04-12,
Redwood Sports Car Club,2026-05-09,
Redwood Sports Car Club,2026-05-10,
Redwood Sports Car Club,2026-06-13,
Redwood Sports Car Club,2026-06-14,
Redwood Sports Car Club,2026-07-18,Korbel Hill Climb
Redwood Sports Car Club,2026-07-19,Korbel Hill Climb
Redwood Sports Car Club,2026-08-08,
Redwood Sports Car Club,2026-08-09,
Redwood Sports Car Club,2026-09-12,
Redwood Sports Car Club,2026-09-13,
Redwood Sports Car Club,2026-10-10,Member Only Event
Redwood Sports Car Club,2026-10-11,Member Only Event
Drag Strip Events,2026-05-02,
Drag Strip Events,2026-05-03,
Drag Strip Events,2026-05-16,
Drag Strip Events,2026-05-17,
Drag Strip Events,2026-05-23,
Drag Strip Events,2026-05-24,
Drag Strip Events,2026-06-06,
Drag Strip Events,2026-06-07,
Drag Strip Events,2026-06-26,
Drag Strip Events,2026-06-27,
Drag Strip Events,2026-06-28,
Drag Strip Events,2026-07-11,
Drag Strip Events,2026-07-12,
Drag Strip Events,2026-07-25,
Drag Strip Events,2026-07-26,
Drag Strip Events,2026-08-01,
Drag Strip Events,2026-08-02,
Drag Strip Events,2026-08-15,
Drag Strip Events,2026-08-16,
Drag Strip Events,2026-08-21,
Drag Strip Events,2026-08-22,
Drag Strip Events,2026-08-23,
Drag Strip Events,2026-09-19,
Drag Strip Events,2026-09-20,
Drag Strip Events,2026-10-24,
Drag Strip Events,2026-10-25,
